item_kind,item_id,stratum,judge,judged_at,is_real_news_about_real_company,is_right_company,is_category_correct,precision_ok_for_source_floor,venture_band,baseline_fields_ok,resolution_verified,confidence_decile,registry_linkage_ok,fact_type_correct,amount_within_20pct_or_estimated,investors_real_and_attributed,date_within_14d,reject_reason_coherent,summary_fully_faithful,cluster_pure,cluster_split_missed,representative_best_tier,listgen_precision_at_limit,interpreted_filters_match_intent,notes
article,art_01M0KKCCB9ZC9RG2GCPQGMKW2S,tier:3|nw:medium,,,,,,,,,,,,,,,,,,,,,,,
article,art_01M0KKQDC3Q0J7QGBZWSSW2G9E,tier:3|nw:medium,,,,,,,,,,,,,,,,,,,,,,,
article,art_01M0KMV6SXH0SM9X8KFSE08VFN,tier:1|nw:high,,,,,,,,,,,,,,,,,,,,,,,
article,art_01M0KMVPYZB131T8EQV4X7Q6CB,tier:2|nw:high,,,,,,,,,,,,,,,,,,,,,,,
article,art_01M0KNRC52ZBKHW9KT3QMGG773,tier:3|nw:high,,,,,,,,,,,,,,,,,,,,,,,
article,art_01M0KNS672A0JVQDW11X4QC47B,tier:3|nw:medium,,,,,,,,,,,,,,,,,,,,,,,
article,art_01M0KWWJ8T7MD4HQZ0EJYXPNSF,tier:?|nw:high,,,,,,,,,,,,,,,,,,,,,,,
article,art_01M0KWZGKSE1G06H6RC1YRN2ZK,tier:?|nw:medium,,,,,,,,,,,,,,,,,,,,,,,
article,art_01M0KX2BPXMRNEBCQ001QXGS4T,tier:?|nw:high,,,,,,,,,,,,,,,,,,,,,,,
article,art_01M0M250FG4QW701YEFB51YDA8,tier:?|nw:high,,,,,,,,,,,,,,,,,,,,,,,
article,art_01M0M28RBNKZ1CYAJC7K8RSZDP,tier:?|nw:medium,,,,,,,,,,,,,,,,,,,,,,,
article,art_01M0M2CQDZ4JZGHM54MVR44Y6E,tier:?|nw:high,,,,,,,,,,,,,,,,,,,,,,,
article,art_01M0M375A3XZMTBR1WX0M4T3E5,tier:3|nw:medium,,,,,,,,,,,,,,,,,,,,,,,
article,art_01M0M38TGGT7CMM9BXZC89YVTZ,tier:?|nw:medium,,,,,,,,,,,,,,,,,,,,,,,
article,art_01M0M3A6B8YBM2DNRPXB732KWB,tier:1|nw:high,,,,,,,,,,,,,,,,,,,,,,,
article,art_01M0M3AQ3K34MQ2YEW1ZY6RCJ8,tier:3|nw:medium,,,,,,,,,,,,,,,,,,,,,,,
article,art_01M0M3M1MFQFFK7P3ZNACY44S4,tier:1|nw:high,,,,,,,,,,,,,,,,,,,,,,,
article,art_01M0M3MN6NRZFJ1J7NJEMRBPX7,tier:1|nw:medium,,,,,,,,,,,,,,,,,,,,,,,
article,art_01M0M3NDRMC9EFW6S6NMWJXEET,tier:1|nw:medium,,,,,,,,,,,,,,,,,,,,,,,
article,art_01M0M3P15A0QKAYENYSDG8ZKRQ,tier:2|nw:medium,,,,,,,,,,,,,,,,,,,,,,,
article,art_01M0M3PJ1KZA49NWJ4R4YZX2JD,tier:1|nw:medium,,,,,,,,,,,,,,,,,,,,,,,
article,art_01M0M3PZKA9P0AQDQZFGQ4CNWD,tier:3|nw:medium,,,,,,,,,,,,,,,,,,,,,,,
article,art_01M0M3QD2VHCYTN6CP6541B23T,tier:3|nw:medium,,,,,,,,,,,,,,,,,,,,,,,
article,art_01M0M4GY97GP6XMAJCSYXJAZRA,tier:3|nw:high,,,,,,,,,,,,,,,,,,,,,,,
article,art_01M0M4HADNBMCWZ9PDDRMEEMWE,tier:1|nw:medium,,,,,,,,,,,,,,,,,,,,,,,
article,art_01M0M4HQP4MGD71SJM2Z8KMQRK,tier:1|nw:medium,,,,,,,,,,,,,,,,,,,,,,,
article,art_01M0M4J5PKA8T1D76G78T47ECG,tier:2|nw:medium,,,,,,,,,,,,,,,,,,,,,,,
article,art_01M0M4JGH7GMF19TYW78715P0R,tier:3|nw:medium,,,,,,,,,,,,,,,,,,,,,,,
article,art_01M0M4JW334AJMD7B810A1FPDV,tier:2|nw:medium,,,,,,,,,,,,,,,,,,,,,,,
article,art_01M0M4K5G6WS1GEZ5N485ERWZK,tier:1|nw:high,,,,,,,,,,,,,,,,,,,,,,,
article,art_01M0M4KFVVB0RRNT0TZKN0CX99,tier:3|nw:medium,,,,,,,,,,,,,,,,,,,,,,,
article,art_01M0M7S58V0N2C67KJMQQQ6BRK,tier:3|nw:medium,,,,,,,,,,,,,,,,,,,,,,,
article,art_01M0M7TDY9A7Z4Q3MMKSD8VA8J,tier:3|nw:high,,,,,,,,,,,,,,,,,,,,,,,
article,art_01M0M7TXP3VGKKW0JQQK50Q5PK,tier:3|nw:medium,,,,,,,,,,,,,,,,,,,,,,,
article,art_01M0M7V8G6JNZVZXKK1FWTBW1R,tier:3|nw:high,,,,,,,,,,,,,,,,,,,,,,,
article,art_01M0M7VJRNVFASDD7QQ41D2XN8,tier:2|nw:medium,,,,,,,,,,,,,,,,,,,,,,,
article,art_01M0M7VYH3DEQNYF52MY337Y4X,tier:3|nw:medium,,,,,,,,,,,,,,,,,,,,,,,
article,art_01M0M7WD1AX86VD25VD7YT3E7D,tier:1|nw:medium,,,,,,,,,,,,,,,,,,,,,,,
article,art_01M0M8DK0D71PXPY31C2WSYK3K,tier:3|nw:medium,,,,,,,,,,,,,,,,,,,,,,,
article,art_01M0M8DYWTFAPC06GNBYJGCDPW,tier:2|nw:medium,,,,,,,,,,,,,,,,,,,,,,,
article,art_01M0M8E4TJ7EAXE7X4BF6TYGX6,tier:1|nw:high,,,,,,,,,,,,,,,,,,,,,,,
article,art_01M0M8EPXY6BW3YMARWKQ8BAAW,tier:3|nw:medium,,,,,,,,,,,,,,,,,,,,,,,
article,art_01M0M8FHQTTAR4AKXV90DSCG95,tier:2|nw:medium,,,,,,,,,,,,,,,,,,,,,,,
article,art_01M0NEM1X6M7772G7DR0YDSXCW,tier:1|nw:high,,,,,,,,,,,,,,,,,,,,,,,
article,art_01M0NFCAB6XQ3B7G1QS5XRRAV5,tier:3|nw:medium,,,,,,,,,,,,,,,,,,,,,,,
article,art_01M0NH66SX1ZJQSSK8HP9DPDR1,tier:2|nw:medium,,,,,,,,,,,,,,,,,,,,,,,
article,art_01M0NH66ZETZNXYRPYKAHE6ATE,tier:2|nw:high,,,,,,,,,,,,,,,,,,,,,,,
article,art_1K21EN0M1043201APHEZS2M1HQ,tier:?|nw:high,,,,,,,,,,,,,,,,,,,,,,,
article,art_3931EN0M10AM9XSR3JV7YNZM9E,tier:?|nw:high,,,,,,,,,,,,,,,,,,,,,,,
article,art_5N21EN0M109C9T6C25AFWAHEXH,tier:?|nw:high,,,,,,,,,,,,,,,,,,,,,,,
article,art_8B31EN0M104Y87DAHEBE9PMGY9,tier:?|nw:high,,,,,,,,,,,,,,,,,,,,,,,
article,art_A531EN0M10R0JK2Q5ANH329Z3S,tier:?|nw:high,,,,,,,,,,,,,,,,,,,,,,,
article,art_CN21EN0M10SKS0B08SRNTR8036,tier:?|nw:high,,,,,,,,,,,,,,,,,,,,,,,
article,art_EK21EN0M10F6ZPZ9QP852VA6WT,tier:?|nw:high,,,,,,,,,,,,,,,,,,,,,,,
article,art_HG21EN0M10AARBY7DR9CM3CZ20,tier:?|nw:medium,,,,,,,,,,,,,,,,,,,,,,,
article,art_K431EN0M10R1YN900K7HBK3EAH,tier:?|nw:high,,,,,,,,,,,,,,,,,,,,,,,
article,art_NP21EN0M10S820JKMZRQ4VS6WK,tier:?|nw:medium,,,,,,,,,,,,,,,,,,,,,,,
article,art_QW21EN0M10JWMZ54GG64HKQSGQ,tier:?|nw:high,,,,,,,,,,,,,,,,,,,,,,,
article,art_T031EN0M10AE95Q096MV5PFXNZ,tier:?|nw:high,,,,,,,,,,,,,,,,,,,,,,,
article,art_WP21EN0M10JQRPMKCPAYC6C7XK,tier:?|nw:high,,,,,,,,,,,,,,,,,,,,,,,
entity,ent_01M0NEMVM4H1GVH53XN86VGN5F,autocreate|d4,,,,,,,,,,,,,,,,,,,,,,,
entity,ent_01M0KKDZ5QJ784G862S79X17A9,autocreate|d5,,,,,,,,,,,,,,,,,,,,,,,
entity,ent_01M0NF7MKTAR7D4ADNKMDGT1K8,formd|d7,,,,,,,,,,,,,,,,,,,,,,,
entity,ent_01M0M2KVFPY0ZAT0MAFJEVPFWN,import:edgar|d9,,,,,,,,,,,,,,,,,,,,,,,
entity,ent_01M0KJG7NXNSEWCSNX56EP9BH5,import:seed|d6,,,,,,,,,,,,,,,,,,,,,,,
entity,ent_01M0NEJCNQY5KRKXK2KE4TWDPJ,launch:hn|d5,,,,,,,,,,,,,,,,,,,,,,,
entity,ent_0AHMDN0M103RZ3ZKKKWRJH7RF9,launchmonitor|d6,,,,,,,,,,,,,,,,,,,,,,,
entity,ent_00JMDN0M10EGHB0BJ9X3V3XC3C,launchmonitor|d7,,,,,,,,,,,,,,,,,,,,,,,
entity,ent_01M0NHDK6NNTCY7SG453QQ87X5,xmonitor|d6,,,,,,,,,,,,,,,,,,,,,,,
entity,ent_01M0NEMVSQ6R33P0NGNWXDHJK0,autocreate|d4,,,,,,,,,,,,,,,,,,,,,,,
entity,ent_01M0KNAH0KYSPDBP1HDWP5DSNM,autocreate|d5,,,,,,,,,,,,,,,,,,,,,,,
entity,ent_01M0NF7MM6ANQV9FTCWPERTFYE,formd|d7,,,,,,,,,,,,,,,,,,,,,,,
entity,ent_01M0M2KW3K94VVE9M9B3VTS79F,import:edgar|d9,,,,,,,,,,,,,,,,,,,,,,,
entity,ent_01M0KJG7PQ32JMHG4DGF9681DQ,import:seed|d6,,,,,,,,,,,,,,,,,,,,,,,
entity,ent_01M0NEJCPJW55Y1JS89RPJRMY5,launch:hn|d5,,,,,,,,,,,,,,,,,,,,,,,
entity,ent_0KJMDN0M109ACFHBCDY7KJ0ERS,launchmonitor|d6,,,,,,,,,,,,,,,,,,,,,,,
entity,ent_02JMDN0M10F1A46TKR0QBFV06C,launchmonitor|d7,,,,,,,,,,,,,,,,,,,,,,,
entity,ent_01M0NHDK7P9A0XNSBG5YD8MP4D,xmonitor|d6,,,,,,,,,,,,,,,,,,,,,,,
entity,ent_01M0NEMWW7YGK43QCM7FA43F65,autocreate|d4,,,,,,,,,,,,,,,,,,,,,,,
entity,ent_01M0KNAV2FT3R8WYFSAFHDCQXE,autocreate|d5,,,,,,,,,,,,,,,,,,,,,,,
entity,ent_01M0NF7MMBCX09GJK9V2QBAKV4,formd|d7,,,,,,,,,,,,,,,,,,,,,,,
entity,ent_01M0M2KW7260MHXJ6PA7S6WMM2,import:edgar|d9,,,,,,,,,,,,,,,,,,,,,,,
entity,ent_01M0KJG7Q55K8H0XMK5BQZBF5T,import:seed|d6,,,,,,,,,,,,,,,,,,,,,,,
entity,ent_01M0NEJCPW18MXYA5B0FM5N9TW,launch:hn|d5,,,,,,,,,,,,,,,,,,,,,,,
entity,ent_27JMDN0M10ZDQ10SQ8RM6FX3PM,launchmonitor|d6,,,,,,,,,,,,,,,,,,,,,,,
entity,ent_0CJMDN0M10ZXTE1RMZS2N6KJF7,launchmonitor|d7,,,,,,,,,,,,,,,,,,,,,,,
entity,ent_01M0NHDK8808EBN1C046Q7VJNS,xmonitor|d6,,,,,,,,,,,,,,,,,,,,,,,
entity,ent_01M0NEN1P15QXA2SYY1WVBYGG4,autocreate|d4,,,,,,,,,,,,,,,,,,,,,,,
entity,ent_01M0KX69YQK8D4NEJ3RPS37K3J,autocreate|d5,,,,,,,,,,,,,,,,,,,,,,,
entity,ent_01M0NF7MMFBF0XERFX3P9QMW0X,formd|d7,,,,,,,,,,,,,,,,,,,,,,,
entity,ent_01M0M2KW8BZ34EW76YTZ1R5HGZ,import:edgar|d9,,,,,,,,,,,,,,,,,,,,,,,
entity,ent_01M0KJG7QC3097N4PFQZH43HHV,import:seed|d6,,,,,,,,,,,,,,,,,,,,,,,
entity,ent_01M0NEJCQ6CXA6EDC5RX46C7HG,launch:hn|d5,,,,,,,,,,,,,,,,,,,,,,,
entity,ent_2DHMDN0M10XZNQT7P46D701B0B,launchmonitor|d6,,,,,,,,,,,,,,,,,,,,,,,
entity,ent_0EHMDN0M10A8Y91YF5CZFZDZR3,launchmonitor|d7,,,,,,,,,,,,,,,,,,,,,,,
entity,ent_01M0NHDK8JJ15VPKBYPQW3TEFN,xmonitor|d6,,,,,,,,,,,,,,,,,,,,,,,
entity,ent_01M0NEN50D4DDVNSYZRZ6F7A6V,autocreate|d4,,,,,,,,,,,,,,,,,,,,,,,
entity,ent_01M0KX7J4RPW765CSY63BEMX03,autocreate|d5,,,,,,,,,,,,,,,,,,,,,,,
entity,ent_01M0NF7MMK8KXVJSEZHPKQQT33,formd|d7,,,,,,,,,,,,,,,,,,,,,,,
entity,ent_01M0M2KW9VRNY1DFZSGH28T6AV,import:edgar|d9,,,,,,,,,,,,,,,,,,,,,,,
fact,fct_01M0KMW8M7KD4JB7F6TRAR93DH,type:acquisition,,,,,,,,,,,,,,,,,,,,,,,
fact,fct_01M0M3CYTHGVX3GX2R0PWS7DX9,type:funding_round,,,,,,,,,,,,,,,,,,,,,,,
fact,fct_01M0NEJCQKQZVCD3F4759Q8E0Z,type:product_launch,,,,,,,,,,,,,,,,,,,,,,,
fact,fct_01M0NF7MR5WQRR4T8D7KZ2XXWY,type:funding_round,,,,,,,,,,,,,,,,,,,,,,,
fact,fct_01M0NF7MXE463YZX94PK4KMNKF,type:funding_round,,,,,,,,,,,,,,,,,,,,,,,
fact,fct_01M0NF7N1MK125NX5W54A5K259,type:funding_round,,,,,,,,,,,,,,,,,,,,,,,
fact,fct_01M0NF7N5B99HR2VQV4H4WAP2C,type:funding_round,,,,,,,,,,,,,,,,,,,,,,,
fact,fct_01M0NF7NG1Q9DTB4GY48FAF268,type:funding_round,,,,,,,,,,,,,,,,,,,,,,,
fact,fct_01M0NF7NRRHWNXHHKGMS1ZAC27,type:funding_round,,,,,,,,,,,,,,,,,,,,,,,
fact,fct_01M0NF7P18N4ZT05WZYK9PFXB2,type:funding_round,,,,,,,,,,,,,,,,,,,,,,,
fact,fct_01M0NF7P91KR58XDP36H8VXX0D,type:funding_round,,,,,,,,,,,,,,,,,,,,,,,
fact,fct_01M0NF7PHRJ3FSAJGPC3J6YZ6P,type:funding_round,,,,,,,,,,,,,,,,,,,,,,,
fact,fct_01M0NF7Q0Q39RGQ52BMXRYTQAG,type:funding_round,,,,,,,,,,,,,,,,,,,,,,,
fact,fct_01M0NF7QAVK8QND30NCVQQXCJ9,type:funding_round,,,,,,,,,,,,,,,,,,,,,,,
fact,fct_01M0NF7QJV0TD8PY9W72HRX62M,type:funding_round,,,,,,,,,,,,,,,,,,,,,,,
fact,fct_01M0NF7QWQCD7TKXKXQ8ZRT6NP,type:funding_round,,,,,,,,,,,,,,,,,,,,,,,
fact,fct_01M0NF7RBCWG7WXP7W7Z39VGQ8,type:funding_round,,,,,,,,,,,,,,,,,,,,,,,
fact,fct_01M0NF7RMSRC7XVYGBWTATT2S8,type:funding_round,,,,,,,,,,,,,,,,,,,,,,,
fact,fct_01M0NF7RVVW341P7G2CEA5FSNZ,type:funding_round,,,,,,,,,,,,,,,,,,,,,,,
fact,fct_01M0NF7S442DR8ACN6YF8BAMQY,type:funding_round,,,,,,,,,,,,,,,,,,,,,,,
fact,fct_01M0NF7SDJK29Q3ZFHC3HJRES0,type:funding_round,,,,,,,,,,,,,,,,,,,,,,,
fact,fct_01M0NF7ST03W57T58QRZJ43NEV,type:funding_round,,,,,,,,,,,,,,,,,,,,,,,
fact,fct_01M0NF7TA0DTC6ZX3KG6BN4FG0,type:funding_round,,,,,,,,,,,,,,,,,,,,,,,
fact,fct_01M0NF7TXG2J8FE4A8PZMHX4BC,type:funding_round,,,,,,,,,,,,,,,,,,,,,,,
fact,fct_01M0NF7VF9CYJ0AKBYWWXSCKFA,type:funding_round,,,,,,,,,,,,,,,,,,,,,,,
fact,fct_01M0NF7W327CMNSA0Y1V7RXJBV,type:funding_round,,,,,,,,,,,,,,,,,,,,,,,
fact,fct_01M0NF7WPX8B7F1HJW6NGX9NHW,type:funding_round,,,,,,,,,,,,,,,,,,,,,,,
fact,fct_01M0NF7XCCJARCSSX5YNCWMC44,type:funding_round,,,,,,,,,,,,,,,,,,,,,,,
fact,fct_01M0NF7XZGY2RZP92VQ5NWAB3V,type:funding_round,,,,,,,,,,,,,,,,,,,,,,,
fact,fct_01M0NF7YAR96WHN0JTC32041EW,type:funding_round,,,,,,,,,,,,,,,,,,,,,,,
summary,art_01M0KKCCB9ZC9RG2GCPQGMKW2S,nw:medium,,,,,,,,,,,,,,,,,,,,,,,
summary,art_01M0KMV3JA2724JH6ZYR30S0YJ,nw:high,,,,,,,,,,,,,,,,,,,,,,,
summary,art_01M0KMVPYZB131T8EQV4X7Q6CB,nw:high,,,,,,,,,,,,,,,,,,,,,,,
summary,art_01M0KNRYG52HFRSVM5TX38CB6T,nw:high,,,,,,,,,,,,,,,,,,,,,,,
summary,art_01M0KWWFWVVRHT3PJT853PCWV5,nw:medium,,,,,,,,,,,,,,,,,,,,,,,
summary,art_01M0KX0GAK8WG83E2Z7SPM6X5C,nw:high,,,,,,,,,,,,,,,,,,,,,,,
summary,art_01M0M24W7KN37B1PHYWZ8MEY6E,nw:medium,,,,,,,,,,,,,,,,,,,,,,,
summary,art_01M0M29FWZ5JEKY958MX79JBX8,nw:medium,,,,,,,,,,,,,,,,,,,,,,,
summary,art_01M0M371G0EP17YKB0X7J7YJSB,nw:high,,,,,,,,,,,,,,,,,,,,,,,
summary,art_01M0M38X5AN6EZ04HQSY4EJTA3,nw:medium,,,,,,,,,,,,,,,,,,,,,,,
summary,art_01M0M3AKYV7QMCT2DVX1G54R0E,nw:medium,,,,,,,,,,,,,,,,,,,,,,,
summary,art_01M0M3M57QM8JVW17BJ2FNHMNG,nw:medium,,,,,,,,,,,,,,,,,,,,,,,
summary,art_01M0M3N72NM42XXAJCMPH97XQM,nw:high,,,,,,,,,,,,,,,,,,,,,,,
summary,art_01M0M3P500D6CBN3R125KX1V9E,nw:medium,,,,,,,,,,,,,,,,,,,,,,,
summary,art_01M0M3PV3HJ3YJH3RYSTGHGFB3,nw:medium,,,,,,,,,,,,,,,,,,,,,,,
summary,art_01M0M3QHX27YFPWACZ16DRVN36,nw:high,,,,,,,,,,,,,,,,,,,,,,,
summary,art_01M0M4H6CW0QEQHXZWG909ZV3X,nw:high,,,,,,,,,,,,,,,,,,,,,,,
summary,art_01M0M4HWQSCPY4RE85XJ7GMKE0,nw:high,,,,,,,,,,,,,,,,,,,,,,,
summary,art_01M0M4JE8888N0RMTSMF8FPC15,nw:medium,,,,,,,,,,,,,,,,,,,,,,,
summary,art_01M0M4JYQZB5TZ0WZFF4P8S2TM,nw:medium,,,,,,,,,,,,,,,,,,,,,,,
summary,art_01M0M4KCX56QJX44GVNHWR942R,nw:medium,,,,,,,,,,,,,,,,,,,,,,,
summary,art_01M0M7SAEP47T79E58DD0XHPMB,nw:medium,,,,,,,,,,,,,,,,,,,,,,,
summary,art_01M0M7TSGN93C4B0HKJ12BZBTM,nw:medium,,,,,,,,,,,,,,,,,,,,,,,
summary,art_01M0M7VAXFTKK8YSBWB5D7GKZ2,nw:high,,,,,,,,,,,,,,,,,,,,,,,
summary,art_01M0M7VV8X1KQDAW094SHE76WS,nw:high,,,,,,,,,,,,,,,,,,,,,,,
summary,art_01M0M7WGTXASXRKEWNMZX4WE29,nw:high,,,,,,,,,,,,,,,,,,,,,,,
summary,art_01M0M8DV2VF2WV5NBKB16ZT6RF,nw:medium,,,,,,,,,,,,,,,,,,,,,,,
summary,art_01M0M8EAKDVMW8M4DBN3T9MY5C,nw:high,,,,,,,,,,,,,,,,,,,,,,,
summary,art_01M0M8FFTXPJAHGD0YY6ZKHP6T,nw:high,,,,,,,,,,,,,,,,,,,,,,,
summary,art_01M0NEMCA8MQ5X5P1PX64N3NER,nw:medium,,,,,,,,,,,,,,,,,,,,,,,
summary,art_01M0NH66SE0BCS4EFZVZBZQF1H,nw:high,,,,,,,,,,,,,,,,,,,,,,,
summary,art_01M0NH67147SK8H2GM5J5C4NYS,nw:medium,,,,,,,,,,,,,,,,,,,,,,,
summary,art_3231EN0M100KZANWH8JRNJMDQ3,nw:high,,,,,,,,,,,,,,,,,,,,,,,
summary,art_6731EN0M10RY4FAY8RP7G892GZ,nw:high,,,,,,,,,,,,,,,,,,,,,,,
summary,art_9Y21EN0M10AGBVB4WEJSYB5QH7,nw:high,,,,,,,,,,,,,,,,,,,,,,,
summary,art_D331EN0M10WBMFEQPY6PJ841NJ,nw:high,,,,,,,,,,,,,,,,,,,,,,,
summary,art_H531EN0M10SN360YG2FZ9RX4ES,nw:high,,,,,,,,,,,,,,,,,,,,,,,
summary,art_M131EN0M10S1RV0MS7W4CKKFMQ,nw:high,,,,,,,,,,,,,,,,,,,,,,,
summary,art_Q231EN0M107P0PSAGNAMF2T026,nw:high,,,,,,,,,,,,,,,,,,,,,,,
summary,art_T931EN0M10BB1W2HYQ6SDQKCHT,nw:high,,,,,,,,,,,,,,,,,,,,,,,
cluster,sto_01M0KX399S8XN9TC5QEM4QD75W,size:2,,,,,,,,,,,,,,,,,,,,,,,
cluster,sto_01M0KX3BASJZEPGBF4XZ52KAJT,size:3,,,,,,,,,,,,,,,,,,,,,,,
cluster,sto_01M0M2FXEKM9FM3A88CDY5FDHJ,size:2,,,,,,,,,,,,,,,,,,,,,,,
cluster,sto_01M0M2FYNYDDXRA03FX2DKHBYK,size:2,,,,,,,,,,,,,,,,,,,,,,,
cluster,sto_01M0M3CJ2P4Z5KWGMMS3FR3M74,size:2,,,,,,,,,,,,,,,,,,,,,,,
cluster,sto_01M0M3CJQBRHA1WWYSVYZ3T4EG,size:2,,,,,,,,,,,,,,,,,,,,,,,
cluster,sto_01M0M3D3C6RWTKH1HFX8WBR48P,size:2,,,,,,,,,,,,,,,,,,,,,,,
cluster,sto_01M0M3S4M01643QG3K55G74B64,size:4,,,,,,,,,,,,,,,,,,,,,,,
cluster,sto_01M0M3SCM7XD3W79HRDTBNQ835,size:2,,,,,,,,,,,,,,,,,,,,,,,
cluster,sto_01M0M3SG46VD9SBRTX5T2BEB7R,size:2,,,,,,,,,,,,,,,,,,,,,,,
cluster,sto_01M0M4MEG1QPWWKD5JJ05C21XG,size:2,,,,,,,,,,,,,,,,,,,,,,,
cluster,sto_01M0M4MH4HYVYR97MDADTVS0YP,size:2,,,,,,,,,,,,,,,,,,,,,,,
cluster,sto_01M0M4MKABHZFBS47X58EZNFBK,size:2,,,,,,,,,,,,,,,,,,,,,,,
cluster,sto_01M0M4MRPQFXT03QCT6M5RX764,size:4,,,,,,,,,,,,,,,,,,,,,,,
cluster,sto_01M0M4MRRHTBF6N75KW47FV0NE,size:3,,,,,,,,,,,,,,,,,,,,,,,
cluster,sto_01M0M4MXJXJ7KKE9S0V3813BN5,size:2,,,,,,,,,,,,,,,,,,,,,,,
cluster,sto_01M0M4MZCA4H00V0A3RJJMZPRV,size:2,,,,,,,,,,,,,,,,,,,,,,,
cluster,sto_01M0M7WX0C3AY2X2084KBFSREJ,size:2,,,,,,,,,,,,,,,,,,,,,,,
cluster,sto_01M0M7WY9MT7PQXCP8QGQ6FC1C,size:4,,,,,,,,,,,,,,,,,,,,,,,
cluster,sto_01M0M7XBY4NNZ353VNYS1NGYAV,size:2,,,,,,,,,,,,,,,,,,,,,,,
listgen,query-1,canned,,,,,,,,,,,,,,,,,,,,,,,
listgen,query-2,canned,,,,,,,,,,,,,,,,,,,,,,,
listgen,query-3,canned,,,,,,,,,,,,,,,,,,,,,,,
listgen,query-4,canned,,,,,,,,,,,,,,,,,,,,,,,
listgen,query-5,canned,,,,,,,,,,,,,,,,,,,,,,,
listgen,query-6,canned,,,,,,,,,,,,,,,,,,,,,,,
listgen,query-7,canned,,,,,,,,,,,,,,,,,,,,,,,
listgen,query-8,canned,,,,,,,,,,,,,,,,,,,,,,,
listgen,query-9,canned,,,,,,,,,,,,,,,,,,,,,,,
listgen,query-10,canned,,,,,,,,,,,,,,,,,,,,,,,
